{
  "content": [
    {
      "path": "Business.json",
      "size": 126,
      "date": 132450711327900371
    },
    {
      "path": "ContentInfo/simholdshort-f45/Thumbnail.jpg",
      "size": 13520,
      "date": 132398945780000000
    },
    {
      "path": "manifest.json",
      "size": 270,
      "date": 132450739785988790
    },
    {
      "path": "MaterialLibs/mymaterials/Library.xml",
      "size": 1025,
      "date": 132450722927728534
    },
    {
      "path": "MaterialLibs/mymaterials/Textures/ASPHALT01_ALBEDO.PNG.DDS",
      "size": 349700,
      "date": 132450722935166609
    },
    {
      "path": "MaterialLibs/mymaterials/Textures/Asphalt01_Albedo.png.DDS.FLAGS",
      "size": 39,
      "date": 132398945780000000
    },
    {
      "path": "MaterialLibs/mymaterials/Textures/ASPHALT01_ALBEDO.PNG.DDS.json",
      "size": 232,
      "date": 132450722935086607
    },
    {
      "path": "MaterialLibs/mymaterials/Textures/ASPHALT01_COMP.PNG.DDS",
      "size": 349700,
      "date": 132450722933411378
    },
    {
      "path": "MaterialLibs/mymaterials/Textures/Asphalt01_COMP.png.DDS.FLAGS",
      "size": 21,
      "date": 132398945780000000
    },
    {
      "path": "MaterialLibs/mymaterials/Textures/ASPHALT01_COMP.PNG.DDS.json",
      "size": 176,
      "date": 132450722933337813
    },
    {
      "path": "scenery/global/scenery/AIRPORT_POLYGON.BGL",
      "size": 1077,
      "date": 132450739785668772
    },
    {
      "path": "scenery/global/scenery/f45.bgl",
      "size": 807,
      "date": 132450741683711921
    }
  ]
}