{
  "content": [
    {
      "path": "Business.json",
      "size": 127,
      "date": 132432727071634114
    },
    {
      "path": "ContentInfo/simholdshort-ekvg/Thumbnail.jpg",
      "size": 13520,
      "date": 132398945780000000
    },
    {
      "path": "manifest.json",
      "size": 271,
      "date": 132432756867984863
    },
    {
      "path": "scenery/global/scenery/modelLib.BGL",
      "size": 56,
      "date": 132432730455726094
    },
    {
      "path": "scenery/world/scenery/ekvg.bgl",
      "size": 2369,
      "date": 132432768301918328
    }
  ]
}