{
  "content": [
    {
      "path": "Business.json",
      "size": 127,
      "date": 132432727071634114
    },
    {
      "path": "ContentInfo/simholdshort-ekvg/Thumbnail.jpg",
      "size": 13520,
      "date": 132398945780000000
    },
    {
      "path": "manifest.json",
      "size": 271,
      "date": 132432959328213285
    },
    {
      "path": "scenery/global/scenery/modelLib.BGL",
      "size": 56,
      "date": 132432730455726094
    },
    {
      "path": "scenery/world/scenery/AIRPORT_POLYIGON.BGL",
      "size": 1793,
      "date": 132432959327943248
    },
    {
      "path": "scenery/world/scenery/ekvg.bgl",
      "size": 2861,
      "date": 132432966870978972
    }
  ]
}